-- phpMyAdmin SQL Dump
-- version 5.1.0
-- https://www.phpmyadmin.net/
--
-- Хост: 127.0.0.1:3306
-- Время создания: Май 06 2022 г., 02:00
-- Версия сервера: 8.0.24
-- Версия PHP: 7.1.33

SET SQL_MODE = "NO_AUTO_VALUE_ON_ZERO";
START TRANSACTION;
SET time_zone = "+00:00";


/*!40101 SET @OLD_CHARACTER_SET_CLIENT=@@CHARACTER_SET_CLIENT */;
/*!40101 SET @OLD_CHARACTER_SET_RESULTS=@@CHARACTER_SET_RESULTS */;
/*!40101 SET @OLD_COLLATION_CONNECTION=@@COLLATION_CONNECTION */;
/*!40101 SET NAMES utf8mb4 */;

--
-- База данных: `groups`
--
CREATE DATABASE IF NOT EXISTS `groups` DEFAULT CHARACTER SET utf8 COLLATE utf8_general_ci;
USE `groups`;

-- --------------------------------------------------------

--
-- Структура таблицы `t_groups`
--

CREATE TABLE `t_groups` (
  `Cipher` int NOT NULL,
  `CreateDate` date NOT NULL,
  `Name` varchar(50) NOT NULL,
  `Status` varchar(50) DEFAULT NULL,
  `StatusDate` date DEFAULT NULL,
  `Plan` bigint NOT NULL
) ENGINE=InnoDB DEFAULT CHARSET=utf8mb3;

--
-- Дамп данных таблицы `t_groups`
--

INSERT INTO `t_groups` (`Cipher`, `CreateDate`, `Name`, `Status`, `StatusDate`, `Plan`) VALUES
(1, '2019-08-01', 'Ит-1', 'Сформирована', '2022-05-06', 1),
(2, '2019-08-01', 'А-1', 'Сформирована', '2022-05-06', 2),
(3, '2020-08-01', 'Ит-2', 'Сформирована', '2022-05-06', 1),
(4, '2020-08-01', 'Ит-3', 'Сформирована', '2022-05-06', 1);

-- --------------------------------------------------------

--
-- Структура таблицы `t_plans`
--

CREATE TABLE `t_plans` (
  `Id` bigint NOT NULL,
  `subjects` varchar(255) DEFAULT NULL
) ENGINE=InnoDB DEFAULT CHARSET=utf8mb3;

--
-- Дамп данных таблицы `t_plans`
--

INSERT INTO `t_plans` (`Id`, `subjects`) VALUES
(1, 'ООП, ТП, ВСРПП, КСКР, ОПР'),
(2, 'ТОЭ, ЭП, ОП, Экономика, Физ-ра');

-- --------------------------------------------------------

--
-- Структура таблицы `t_students`
--

CREATE TABLE `t_students` (
  `StudentNum` bigint NOT NULL,
  `Address` varchar(80) NOT NULL,
  `City` varchar(30) NOT NULL,
  `Name` varchar(30) NOT NULL,
  `Patronymic` varchar(30) NOT NULL,
  `Phone` varchar(30) NOT NULL,
  `Status` varchar(50) DEFAULT NULL,
  `StatusDate` date DEFAULT NULL,
  `Surname` varchar(30) NOT NULL,
  `GroupCipher` int NOT NULL
) ENGINE=InnoDB DEFAULT CHARSET=utf8mb3;

--
-- Дамп данных таблицы `t_students`
--

INSERT INTO `t_students` (`StudentNum`, `Address`, `City`, `Name`, `Patronymic`, `Phone`, `Status`, `StatusDate`, `Surname`, `GroupCipher`) VALUES
(19000, 'Московский пр., 70/2', 'Витебск', 'Николай', 'Владимирович', '+375297719000', 'Зачислен', '2022-05-06', 'Смирнов', 1),
(19001, 'Московский пр., 70/2', 'Витебск', 'Николай', 'Владимирович', '+375297719001', 'Зачислен', '2022-05-06', 'Смирнов', 1),
(19002, 'Московский пр., 70/2', 'Витебск', 'Николай', 'Владимирович', '+375297719002', 'Зачислен', '2022-05-06', 'Смирнов', 1),
(19003, 'Московский пр., 70/2', 'Витебск', 'Николай', 'Владимирович', '+375297719003', 'Зачислен', '2022-05-06', 'Смирнов', 1),
(19004, 'Московский пр., 70/2', 'Витебск', 'Николай', 'Владимирович', '+375297719004', 'Отчислен', '2022-05-06', 'Смирнов', 1),
(19005, 'Московский пр., 70/2', 'Витебск', 'Николай', 'Владимирович', '+375297719005', 'Отчислен', '2022-05-06', 'Смирнов', 1),
(19006, 'Московский пр., 70/2', 'Витебск', 'Николай', 'Владимирович', '+375297719006', 'Зачислен', '2022-05-06', 'Смирнов', 1),
(19007, 'Московский пр., 70/2', 'Витебск', 'Николай', 'Владимирович', '+375297719007', 'Зачислен', '2022-05-06', 'Смирнов', 1),
(19008, 'Московский пр., 70/2', 'Витебск', 'Николай', 'Владимирович', '+375297719008', 'Зачислен', '2022-05-06', 'Смирнов', 1),
(19009, 'Московский пр., 70/2', 'Витебск', 'Николай', 'Владимирович', '+375297719009', 'Зачислен', '2022-05-06', 'Смирнов', 1),
(19010, 'Московский пр., 70/2', 'Витебск', 'Михаил', 'Александрович', '+375298819010', 'Зачислен', '2022-05-06', 'Кузнецов', 1),
(19011, 'Московский пр., 70/2', 'Витебск', 'Михаил', 'Александрович', '+375298819011', 'Отчислен', '2022-05-06', 'Кузнецов', 2),
(19012, 'Московский пр., 70/2', 'Витебск', 'Михаил', 'Александрович', '+375298819012', 'Зачислен', '2022-05-06', 'Кузнецов', 2),
(19013, 'Московский пр., 70/2', 'Витебск', 'Михаил', 'Александрович', '+375298819013', 'Зачислен', '2022-05-06', 'Кузнецов', 2),
(19014, 'Московский пр., 70/2', 'Витебск', 'Михаил', 'Александрович', '+375298819014', 'Зачислен', '2022-05-06', 'Кузнецов', 2),
(19015, 'Московский пр., 70/2', 'Витебск', 'Михаил', 'Александрович', '+375298819015', 'Зачислен', '2022-05-06', 'Кузнецов', 2),
(19016, 'Московский пр., 70/2', 'Витебск', 'Михаил', 'Александрович', '+375298819016', 'Зачислен', '2022-05-06', 'Кузнецов', 2),
(19018, 'Московский пр., 70/2', 'Витебск', 'Михаил', 'Александрович', '+375298819018', 'Зачислен', '2022-05-06', 'Кузнецов', 2),
(19019, 'Московский пр., 70/2', 'Витебск', 'Михаил', 'Александрович', '+375298819019', 'Зачислен', '2022-05-06', 'Кузнецов', 2),
(20000, 'Московский пр., 70/2', 'Витебск', 'Александр', 'Николаевич', '+375298919019', 'Зачислен', '2022-05-06', 'Иванов', 3),
(20001, 'Московский пр., 70/2', 'Витебск', 'Александр', 'Николаевич', '+375298919020', 'Зачислен', '2022-05-06', 'Иванов', 3),
(20002, 'Московский пр., 70/2', 'Витебск', 'Александр', 'Николаевич', '+375298919021', 'Зачислен', '2022-05-06', 'Иванов', 3),
(20003, 'Московский пр., 70/2', 'Витебск', 'Александр', 'Николаевич', '+375298919022', 'Зачислен', '2022-05-06', 'Иванов', 3),
(20004, 'Московский пр., 70/2', 'Витебск', 'Александр', 'Николаевич', '+375298919023', 'Зачислен', '2022-05-06', 'Иванов', 3),
(20005, 'Московский пр., 70/2', 'Витебск', 'Александр', 'Николаевич', '+375298919024', 'Зачислен', '2022-05-06', 'Иванов', 3),
(20006, 'Московский пр., 70/2', 'Витебск', 'Александр', 'Николаевич', '+375298919025', 'Зачислен', '2022-05-06', 'Иванов', 3),
(20007, 'Московский пр., 70/2', 'Витебск', 'Александр', 'Николаевич', '+375298919026', 'Зачислен', '2022-05-06', 'Иванов', 3),
(20008, 'Московский пр., 70/2', 'Витебск', 'Александр', 'Николаевич', '+375298919027', 'Зачислен', '2022-05-06', 'Иванов', 3),
(20009, 'Московский пр., 70/2', 'Витебск', 'Александр', 'Николаевич', '+375298919028', 'Зачислен', '2022-05-06', 'Иванов', 3),
(20010, 'Московский пр., 70/2', 'Витебск', 'Александр', 'Николаевич', '+375298919029', 'Зачислен', '2022-05-06', 'Иванов', 3),
(20011, 'Московский пр., 70/2', 'Витебск', 'Александр', 'Николаевич', '+375298919030', 'Зачислен', '2022-05-06', 'Иванов', 3),
(20012, 'Московский пр., 70/2', 'Витебск', 'Александр', 'Николаевич', '+375298919031', 'Зачислен', '2022-05-06', 'Иванов', 3),
(20013, 'Московский пр., 70/2', 'Витебск', 'Александр', 'Николаевич', '+375298919032', 'Зачислен', '2022-05-06', 'Иванов', 3),
(20014, 'Московский пр., 70/2', 'Витебск', 'Александр', 'Николаевич', '+375298919033', 'Отчислен', '2022-05-07', 'Иванов', 3),
(20015, 'Московский пр., 70/2', 'Витебск', 'Александр', 'Николаевич', '+375298919034', 'Зачислен', '2022-05-06', 'Иванов', 3),
(20016, 'Московский пр., 70/2', 'Витебск', 'Александр', 'Николаевич', '+375298919035', 'Зачислен', '2022-05-06', 'Иванов', 3),
(20017, 'Московский пр., 70/2', 'Витебск', 'Александр', 'Николаевич', '+375298919036', 'Зачислен', '2022-05-06', 'Иванов', 3),
(20018, 'Московский пр., 70/3', 'Витебск', 'Антон', 'Дмитриевич', '+375335620018', 'Зачислен', '2022-05-06', 'Орлов', 4);

--
-- Индексы сохранённых таблиц
--

--
-- Индексы таблицы `t_groups`
--
ALTER TABLE `t_groups`
  ADD PRIMARY KEY (`Cipher`),
  ADD UNIQUE KEY `UK_ehman4cxlivpwbqbm18oepnn3` (`Name`),
  ADD UNIQUE KEY `UKehman4cxlivpwbqbm18oepnn3` (`Name`),
  ADD KEY `FK3ftu5dtmad3uni9e93er6kbbf` (`Plan`);

--
-- Индексы таблицы `t_plans`
--
ALTER TABLE `t_plans`
  ADD PRIMARY KEY (`Id`);

--
-- Индексы таблицы `t_students`
--
ALTER TABLE `t_students`
  ADD PRIMARY KEY (`StudentNum`),
  ADD KEY `FKnxs4ah28bm8nowy3m86mhvnta` (`GroupCipher`);

--
-- AUTO_INCREMENT для сохранённых таблиц
--

--
-- AUTO_INCREMENT для таблицы `t_groups`
--
ALTER TABLE `t_groups`
  MODIFY `Cipher` int NOT NULL AUTO_INCREMENT, AUTO_INCREMENT=5;

--
-- AUTO_INCREMENT для таблицы `t_plans`
--
ALTER TABLE `t_plans`
  MODIFY `Id` bigint NOT NULL AUTO_INCREMENT, AUTO_INCREMENT=4;

--
-- Ограничения внешнего ключа сохраненных таблиц
--

--
-- Ограничения внешнего ключа таблицы `t_groups`
--
ALTER TABLE `t_groups`
  ADD CONSTRAINT `FK3ftu5dtmad3uni9e93er6kbbf` FOREIGN KEY (`Plan`) REFERENCES `t_plans` (`Id`);

--
-- Ограничения внешнего ключа таблицы `t_students`
--
ALTER TABLE `t_students`
  ADD CONSTRAINT `FKnxs4ah28bm8nowy3m86mhvnta` FOREIGN KEY (`GroupCipher`) REFERENCES `t_groups` (`Cipher`);
COMMIT;

/*!40101 SET CHARACTER_SET_CLIENT=@OLD_CHARACTER_SET_CLIENT */;
/*!40101 SET CHARACTER_SET_RESULTS=@OLD_CHARACTER_SET_RESULTS */;
/*!40101 SET COLLATION_CONNECTION=@OLD_COLLATION_CONNECTION */;
